No.,PBSSeq,RTTSeq,sForTm1,sForTm2,sForTm2new,sForTm3_1,sForTm3_2,sForTm4_1,sForTm4_2,gN19,AltType,WT74_ref,Edited74_ref,WT74_On,Edited74_On,RT-PBS_right4,AfterRTT_left4,PBSlen,RTlen,RT-PBSlen,Edit_pos,Edit_len,RHA_len,type_sub,type_ins,type_del,Tm1,Tm2,Tm2new,Tm3,Tm4,TmD,nGCcnt1,nGCcnt2,nGCcnt3,fGCcont1,fGCcont2,fGCcont3,MFE1,MFE2,MFE3,MFE4,MFE5,DeepSpCas9_score,Measured_PE_efficiency,Predicted_PE_efficiency
Group9_HBB_On_PBS15_RTT14,TGGTGCACCTGACTC,CACCTGACTCCTGT,GAGUCAGGUGCACCA,CTGAGGAGAAGTCT,CTGAGGAGAAGTCT,CACCTGACTCCTGT,AGACTTCTCCTCAG,ACAGGAGUCAGGUG,CACCTGACTCCTGT,GATGGTGCACCTGACTCCTG,sub,ACACCATGGTGCATCTGACTCCTGAGGAGAAGTCTGCCGTTACTGCCCTGTGGGGCAAGGTGAACGTGGATGAA,xxxxxxTGGTGCATCTGACTCCACCTGACTCCTGTxxxxxxxxxxxxxxxxxxxxxxxxxxxxxxxxxxxxxxx,ACACCATGGTGCACCTGACTCCTGAGGAGAAGTCTGCCGTTACTGCCCTGTGGGGCAAGGTGAACGTGGATGAA,xxxxxxTGGTGCACCTGACTCCACCTGACTCCTGTxxxxxxxxxxxxxxxxxxxxxxxxxxxxxxxxxxxxxxx,CTGT,GCCG,15.0,14.0,29.0,4.0,1.0,10.0,1.0,0.0,0.0,48.463312922531,36.3686779357489,36.3686779357489,-437.679532940588,37.8613160633911,-474.048210876337,9.0,8.0,17.0,60.0,57.1428571428571,58.6206896551724,-71.7,-44.4,-6.2,-0.1,-40.1,49.8503532409668,8.8,2.5883808
Group9_HBB_On_PBS13_RTT14,GTGCACCTGACTC,CACCTGACTCCTGT,GAGUCAGGUGCAC,CTGAGGAGAAGTCT,CTGAGGAGAAGTCT,CACCTGACTCCTGT,AGACTTCTCCTCAG,ACAGGAGUCAGGUG,CACCTGACTCCTGT,GATGGTGCACCTGACTCCTG,sub,ACACCATGGTGCATCTGACTCCTGAGGAGAAGTCTGCCGTTACTGCCCTGTGGGGCAAGGTGAACGTGGATGAA,xxxxxxxxGTGCATCTGACTCCACCTGACTCCTGTxxxxxxxxxxxxxxxxxxxxxxxxxxxxxxxxxxxxxxx,ACACCATGGTGCACCTGACTCCTGAGGAGAAGTCTGCCGTTACTGCCCTGTGGGGCAAGGTGAACGTGGATGAA,xxxxxxxxGTGCACCTGACTCCACCTGACTCCTGTxxxxxxxxxxxxxxxxxxxxxxxxxxxxxxxxxxxxxxx,CTGT,GCCG,13.0,14.0,27.0,4.0,1.0,10.0,1.0,0.0,0.0,38.0856469346027,36.3686779357489,36.3686779357489,-437.679532940588,37.8613160633911,-474.048210876337,8.0,8.0,16.0,61.5384615384615,57.1428571428571,59.2592592592593,-66.4,-42.0,-4.3,-0.1,-40.1,49.8503532409668,6.2,2.3997598
Group9_HBB_Off_PBS16_RTT14,ATGGTGCACCTGACTC,CACCTGACTCCTGT,GAGUCAGGUGCACCAU,CTGAGGAGAAGACT,CTGAGGAGAAGACT,CACCTGACTCCTGT,AGTCTTCTCCTCAG,ACAGGAGUCAGGUG,CACCTGACTCCTGT,GATGGTGCACCTGACTCCTG,sub,ACACCATGGTGCATCTGACTCCTGAGGAGAAGACTGCTGTCAATGCCCTGTGGGGCAAAGTGAACGTGGATGCA,xxxxxATGGTGCATCTGACTCCACCTGACTCCTGTxxxxxxxxxxxxxxxxxxxxxxxxxxxxxxxxxxxxxxx,ACACCATGGTGCACCTGACTCCTGAGGAGAAGTCTGCCGTTACTGCCCTGTGGGGCAAGGTGAACGTGGATGAA,xxxxxATGGTGCACCTGACTCCACCTGACTCCTGTxxxxxxxxxxxxxxxxxxxxxxxxxxxxxxxxxxxxxxx,CTGT,GCTG,16.0,14.0,30.0,4.0,1.0,10.0,1.0,0.0,0.0,49.134010365252,36.3686779357489,36.3686779357489,-437.679532940588,37.8613160633911,-474.048210876337,9.0,8.0,17.0,56.25,57.1428571428571,56.6666666666667,-71.7,-44.4,-6.2,-0.1,-40.1,49.8503532409668,3.1,2.3000643
Group9_HBB_Off_PBS15_RTT14,TGGTGCACCTGACTC,CACCTGACTCCTGT,GAGUCAGGUGCACCA,CTGAGGAGAAGACT,CTGAGGAGAAGACT,CACCTGACTCCTGT,AGTCTTCTCCTCAG,ACAGGAGUCAGGUG,CACCTGACTCCTGT,GATGGTGCACCTGACTCCTG,sub,ACACCATGGTGCATCTGACTCCTGAGGAGAAGACTGCTGTCAATGCCCTGTGGGGCAAAGTGAACGTGGATGCA,xxxxxxTGGTGCATCTGACTCCACCTGACTCCTGTxxxxxxxxxxxxxxxxxxxxxxxxxxxxxxxxxxxxxxx,ACACCATGGTGCACCTGACTCCTGAGGAGAAGTCTGCCGTTACTGCCCTGTGGGGCAAGGTGAACGTGGATGAA,xxxxxxTGGTGCACCTGACTCCACCTGACTCCTGTxxxxxxxxxxxxxxxxxxxxxxxxxxxxxxxxxxxxxxx,CTGT,GCTG,15.0,14.0,29.0,4.0,1.0,10.0,1.0,0.0,0.0,48.463312922531,36.3686779357489,36.3686779357489,-437.679532940588,37.8613160633911,-474.048210876337,9.0,8.0,17.0,60.0,57.1428571428571,58.6206896551724,-71.7,-44.4,-6.2,-0.1,-40.1,49.8503532409668,3.1,2.5163426
Group9_HBB_Off_PBS14_RTT14,GGTGCACCTGACTC,CACCTGACTCCTGT,GAGUCAGGUGCACC,CTGAGGAGAAGACT,CTGAGGAGAAGACT,CACCTGACTCCTGT,AGTCTTCTCCTCAG,ACAGGAGUCAGGUG,CACCTGACTCCTGT,GATGGTGCACCTGACTCCTG,sub,ACACCATGGTGCATCTGACTCCTGAGGAGAAGACTGCTGTCAATGCCCTGTGGGGCAAAGTGAACGTGGATGCA,xxxxxxxGGTGCATCTGACTCCACCTGACTCCTGTxxxxxxxxxxxxxxxxxxxxxxxxxxxxxxxxxxxxxxx,ACACCATGGTGCACCTGACTCCTGAGGAGAAGTCTGCCGTTACTGCCCTGTGGGGCAAGGTGAACGTGGATGAA,xxxxxxxGGTGCACCTGACTCCACCTGACTCCTGTxxxxxxxxxxxxxxxxxxxxxxxxxxxxxxxxxxxxxxx,CTGT,GCTG,14.0,14.0,28.0,4.0,1.0,10.0,1.0,0.0,0.0,45.7132279415598,36.3686779357489,36.3686779357489,-437.679532940588,37.8613160633911,-474.048210876337,9.0,8.0,17.0,64.2857142857143,57.1428571428571,60.7142857142857,-68.8,-44.3,-6.9,-0.1,-40.1,49.8503532409668,3.2,2.5729969
Group9_HBB_Off_PBS13_RTT17,GTGCACCTGACTC,GTGCACCTGACTCCTGT,GAGUCAGGUGCAC,CTGAGGAGAAGACTGCT,CTGAGGAGAAGACTGCT,GTGCACCTGACTCCTGT,AGCAGTCTTCTCCTCAG,ACAGGAGUCAGGUGCAC,GTGCACCTGACTCCTGT,GATGGTGCACCTGACTCCTG,sub,ACACCATGGTGCATCTGACTCCTGAGGAGAAGACTGCTGTCAATGCCCTGTGGGGCAAAGTGAACGTGGATGCA,xxxxxxxxGTGCATCTGACTCGTGCACCTGACTCCTGTxxxxxxxxxxxxxxxxxxxxxxxxxxxxxxxxxxxx,ACACCATGGTGCACCTGACTCCTGAGGAGAAGTCTGCCGTTACTGCCCTGTGGGGCAAGGTGAACGTGGATGAA,xxxxxxxxGTGCACCTGACTCGTGCACCTGACTCCTGTxxxxxxxxxxxxxxxxxxxxxxxxxxxxxxxxxxxx,CTGT,GTCA,13.0,17.0,30.0,4.0,1.0,13.0,1.0,0.0,0.0,38.0856469346027,46.3241973412697,46.3241973412697,-437.679532940588,48.73186954295569,-484.003730281858,8.0,10.0,18.0,61.5384615384615,58.8235294117647,60.0,-67.5,-50.5,-11.2,-0.1,-40.1,49.8503532409668,3.8,1.0540969
Group9_HBB_Off_PBS13_RTT16,GTGCACCTGACTC,GTGCACCTGACTCCTG,GAGUCAGGUGCAC,CTGAGGAGAAGACTGC,CTGAGGAGAAGACTGC,GTGCACCTGACTCCTG,GCAGTCTTCTCCTCAG,CAGGAGUCAGGUGCAC,GTGCACCTGACTCCTG,GATGGTGCACCTGACTCCTG,sub,ACACCATGGTGCATCTGACTCCTGAGGAGAAGACTGCTGTCAATGCCCTGTGGGGCAAAGTGAACGTGGATGCA,xxxxxxxxGTGCATCTGACTCGTGCACCTGACTCCTGxxxxxxxxxxxxxxxxxxxxxxxxxxxxxxxxxxxxx,ACACCATGGTGCACCTGACTCCTGAGGAGAAGTCTGCCGTTACTGCCCTGTGGGGCAAGGTGAACGTGGATGAA,xxxxxxxxGTGCACCTGACTCGTGCACCTGACTCCTGxxxxxxxxxxxxxxxxxxxxxxxxxxxxxxxxxxxxx,CCTG,TGTC,13.0,16.0,29.0,4.0,1.0,12.0,1.0,0.0,0.0,38.0856469346027,44.4007352253961,44.4007352253961,-277.939443331036,47.4118314164822,-322.340178556432,8.0,10.0,18.0,61.5384615384615,62.5,62.0689655172414,-68.0,-50.5,-11.2,-0.1,-40.1,49.8503532409668,1.8,1.2301469
Group9_HBB_Off_PBS13_RTT15,GTGCACCTGACTC,GTGCACCTGACTCCT,GAGUCAGGUGCAC,CTGAGGAGAAGACTG,CTGAGGAGAAGACTG,GTGCACCTGACTCCT,CAGTCTTCTCCTCAG,AGGAGUCAGGUGCAC,GTGCACCTGACTCCT,GATGGTGCACCTGACTCCTG,sub,ACACCATGGTGCATCTGACTCCTGAGGAGAAGACTGCTGTCAATGCCCTGTGGGGCAAAGTGAACGTGGATGCA,xxxxxxxxGTGCATCTGACTCGTGCACCTGACTCCTxxxxxxxxxxxxxxxxxxxxxxxxxxxxxxxxxxxxxx,ACACCATGGTGCACCTGACTCCTGAGGAGAAGTCTGCCGTTACTGCCCTGTGGGGCAAGGTGAACGTGGATGAA,xxxxxxxxGTGCACCTGACTCGTGCACCTGACTCCTxxxxxxxxxxxxxxxxxxxxxxxxxxxxxxxxxxxxxx,TCCT,CTGT,13.0,15.0,28.0,4.0,1.0,11.0,1.0,0.0,0.0,38.0856469346027,39.6855231339643,39.6855231339643,-437.679532940588,44.6683282160599,-477.365056074553,8.0,9.0,17.0,61.5384615384615,60.0,60.7142857142857,-64.3,-47.7,-11.2,-0.1,-40.1,49.8503532409668,1.9,1.0212183
Group9_HBB_Off_PBS13_RTT14,GTGCACCTGACTC,CACCTGACTCCTGT,GAGUCAGGUGCAC,CTGAGGAGAAGACT,CTGAGGAGAAGACT,CACCTGACTCCTGT,AGTCTTCTCCTCAG,ACAGGAGUCAGGUG,CACCTGACTCCTGT,GATGGTGCACCTGACTCCTG,sub,ACACCATGGTGCATCTGACTCCTGAGGAGAAGACTGCTGTCAATGCCCTGTGGGGCAAAGTGAACGTGGATGCA,xxxxxxxxGTGCATCTGACTCCACCTGACTCCTGTxxxxxxxxxxxxxxxxxxxxxxxxxxxxxxxxxxxxxxx,ACACCATGGTGCACCTGACTCCTGAGGAGAAGTCTGCCGTTACTGCCCTGTGGGGCAAGGTGAACGTGGATGAA,xxxxxxxxGTGCACCTGACTCCACCTGACTCCTGTxxxxxxxxxxxxxxxxxxxxxxxxxxxxxxxxxxxxxxx,CTGT,GCTG,13.0,14.0,27.0,4.0,1.0,10.0,1.0,0.0,0.0,38.0856469346027,36.3686779357489,36.3686779357489,-437.679532940588,37.8613160633911,-474.048210876337,8.0,8.0,16.0,61.5384615384615,57.1428571428571,59.2592592592593,-66.4,-42.0,-4.3,-0.1,-40.1,49.8503532409668,2.6,2.3945134
Group9_HBB_Off_PBS13_RTT13,GTGCACCTGACTC,GTGCACCTGACTC,GAGUCAGGUGCAC,CTGAGGAGAAGAC,CTGAGGAGAAGAC,GTGCACCTGACTC,GTCTTCTCCTCAG,GAGUCAGGUGCAC,GTGCACCTGACTC,GATGGTGCACCTGACTCCTG,sub,ACACCATGGTGCATCTGACTCCTGAGGAGAAGACTGCTGTCAATGCCCTGTGGGGCAAAGTGAACGTGGATGCA,xxxxxxxxGTGCATCTGACTCGTGCACCTGACTCxxxxxxxxxxxxxxxxxxxxxxxxxxxxxxxxxxxxxxxx,ACACCATGGTGCACCTGACTCCTGAGGAGAAGTCTGCCGTTACTGCCCTGTGGGGCAAGGTGAACGTGGATGAA,xxxxxxxxGTGCACCTGACTCGTGCACCTGACTCxxxxxxxxxxxxxxxxxxxxxxxxxxxxxxxxxxxxxxxx,ACTC,TGCT,13.0,13.0,26.0,4.0,1.0,9.0,1.0,0.0,0.0,38.0856469346027,33.5286805637107,33.5286805637107,-277.939443331036,38.0856469346027,-311.468123894747,8.0,8.0,16.0,61.5384615384615,61.5384615384615,61.5384615384615,-64.9,-47.6,-11.2,-0.1,-40.1,49.8503532409668,2.1,1.1392581
Group9_HBB_Off_PBS13_RTT12,GTGCACCTGACTC,GTGCACCTGACT,GAGUCAGGUGCAC,CTGAGGAGAAGA,CTGAGGAGAAGA,GTGCACCTGACT,TCTTCTCCTCAG,AGUCAGGUGCAC,GTGCACCTGACT,GATGGTGCACCTGACTCCTG,sub,ACACCATGGTGCATCTGACTCCTGAGGAGAAGACTGCTGTCAATGCCCTGTGGGGCAAAGTGAACGTGGATGCA,xxxxxxxxGTGCATCTGACTCGTGCACCTGACTxxxxxxxxxxxxxxxxxxxxxxxxxxxxxxxxxxxxxxxxx,ACACCATGGTGCACCTGACTCCTGAGGAGAAGTCTGCCGTTACTGCCCTGTGGGGCAAGGTGAACGTGGATGAA,xxxxxxxxGTGCACCTGACTCGTGCACCTGACTxxxxxxxxxxxxxxxxxxxxxxxxxxxxxxxxxxxxxxxxx,GACT,CTGC,13.0,12.0,25.0,4.0,1.0,8.0,1.0,0.0,0.0,38.0856469346027,29.044178542045,29.044178542045,-437.679532940588,33.9703496154273,-466.723711482633,8.0,7.0,15.0,61.5384615384615,58.33333333333329,60.0,-60.7,-48.7,-11.2,-0.1,-40.1,49.8503532409668,1.2,0.7727618
Group9_HBB_Off_PBS13_RTT11,GTGCACCTGACTC,GTGCACCTGAC,GAGUCAGGUGCAC,CTGAGGAGAAG,CTGAGGAGAAG,GTGCACCTGAC,CTTCTCCTCAG,GUCAGGUGCAC,GTGCACCTGAC,GATGGTGCACCTGACTCCTG,sub,ACACCATGGTGCATCTGACTCCTGAGGAGAAGACTGCTGTCAATGCCCTGTGGGGCAAAGTGAACGTGGATGCA,xxxxxxxxGTGCATCTGACTCGTGCACCTGACxxxxxxxxxxxxxxxxxxxxxxxxxxxxxxxxxxxxxxxxxx,ACACCATGGTGCACCTGACTCCTGAGGAGAAGTCTGCCGTTACTGCCCTGTGGGGCAAGGTGAACGTGGATGAA,xxxxxxxxGTGCACCTGACTCGTGCACCTGACxxxxxxxxxxxxxxxxxxxxxxxxxxxxxxxxxxxxxxxxxx,TGAC,ACTG,13.0,11.0,24.0,4.0,1.0,7.0,1.0,0.0,0.0,38.0856469346027,25.1539913501034,25.1539913501034,-277.939443331036,31.5612364100363,-303.09343468114,8.0,7.0,15.0,61.5384615384615,63.6363636363636,62.5,-60.5,-47.9,-11.2,-0.1,-40.1,49.8503532409668,2.2,0.7515154
Group9_HBB_Off_PBS12_RTT14,TGCACCTGACTC,CACCTGACTCCTGT,GAGUCAGGUGCA,CTGAGGAGAAGACT,CTGAGGAGAAGACT,CACCTGACTCCTGT,AGTCTTCTCCTCAG,ACAGGAGUCAGGUG,CACCTGACTCCTGT,GATGGTGCACCTGACTCCTG,sub,ACACCATGGTGCATCTGACTCCTGAGGAGAAGACTGCTGTCAATGCCCTGTGGGGCAAAGTGAACGTGGATGCA,xxxxxxxxxTGCATCTGACTCCACCTGACTCCTGTxxxxxxxxxxxxxxxxxxxxxxxxxxxxxxxxxxxxxxx,ACACCATGGTGCACCTGACTCCTGAGGAGAAGTCTGCCGTTACTGCCCTGTGGGGCAAGGTGAACGTGGATGAA,xxxxxxxxxTGCACCTGACTCCACCTGACTCCTGTxxxxxxxxxxxxxxxxxxxxxxxxxxxxxxxxxxxxxxx,CTGT,GCTG,12.0,14.0,26.0,4.0,1.0,10.0,1.0,0.0,0.0,35.4234497127839,36.3686779357489,36.3686779357489,-437.679532940588,37.8613160633911,-474.048210876337,7.0,8.0,15.0,58.33333333333329,57.1428571428571,57.6923076923077,-64.0,-41.6,-4.3,-0.1,-40.1,49.8503532409668,2.0,1.9576559
Group9_HBB_Off_PBS11_RTT14,GCACCTGACTC,CACCTGACTCCTGT,GAGUCAGGUGC,CTGAGGAGAAGACT,CTGAGGAGAAGACT,CACCTGACTCCTGT,AGTCTTCTCCTCAG,ACAGGAGUCAGGUG,CACCTGACTCCTGT,GATGGTGCACCTGACTCCTG,sub,ACACCATGGTGCATCTGACTCCTGAGGAGAAGACTGCTGTCAATGCCCTGTGGGGCAAAGTGAACGTGGATGCA,xxxxxxxxxxGCATCTGACTCCACCTGACTCCTGTxxxxxxxxxxxxxxxxxxxxxxxxxxxxxxxxxxxxxxx,ACACCATGGTGCACCTGACTCCTGAGGAGAAGTCTGCCGTTACTGCCCTGTGGGGCAAGGTGAACGTGGATGAA,xxxxxxxxxxGCACCTGACTCCACCTGACTCCTGTxxxxxxxxxxxxxxxxxxxxxxxxxxxxxxxxxxxxxxx,CTGT,GCTG,11.0,14.0,25.0,4.0,1.0,10.0,1.0,0.0,0.0,30.1598521114645,36.3686779357489,36.3686779357489,-437.679532940588,37.8613160633911,-474.048210876337,7.0,8.0,15.0,63.6363636363636,57.1428571428571,60.0,-61.2,-43.1,-4.3,-0.1,-40.1,49.8503532409668,1.9,1.6472809
Group9_HBB_Off_PBS10_RTT14,CACCTGACTC,CACCTGACTCCTGT,GAGUCAGGUG,CTGAGGAGAAGACT,CTGAGGAGAAGACT,CACCTGACTCCTGT,AGTCTTCTCCTCAG,ACAGGAGUCAGGUG,CACCTGACTCCTGT,GATGGTGCACCTGACTCCTG,sub,ACACCATGGTGCATCTGACTCCTGAGGAGAAGACTGCTGTCAATGCCCTGTGGGGCAAAGTGAACGTGGATGCA,xxxxxxxxxxxCATCTGACTCCACCTGACTCCTGTxxxxxxxxxxxxxxxxxxxxxxxxxxxxxxxxxxxxxxx,ACACCATGGTGCACCTGACTCCTGAGGAGAAGTCTGCCGTTACTGCCCTGTGGGGCAAGGTGAACGTGGATGAA,xxxxxxxxxxxCACCTGACTCCACCTGACTCCTGTxxxxxxxxxxxxxxxxxxxxxxxxxxxxxxxxxxxxxxx,CTGT,GCTG,10.0,14.0,24.0,4.0,1.0,10.0,1.0,0.0,0.0,19.2907721070152,36.3686779357489,36.3686779357489,-437.679532940588,37.8613160633911,-474.048210876337,6.0,8.0,14.0,60.0,57.1428571428571,58.33333333333329,-59.8,-40.6,-4.3,-0.1,-40.1,49.8503532409668,1.5,1.7835345
,,,,,,,,,,,,,,,,,,,,,,,,,,,,,,,,,,,,,,,,,,,,,,0.0
,,,,,,,,,,,,,,,,,,,,,,,,,,,,,,,,,,,,,,,,,,,,,,0.0
,,,,,,,,,,,,,,,,,,,,,,,,,,,,,,,,,,,,,,,,,,,,,,0.0
,,,,,,,,,,,,,,,,,,,,,,,,,,,,,,,,,,,,,,,,,,,,,,0.0
,,,,,,,,,,,,,,,,,,,,,,,,,,,,,,,,,,,,,,,,,,,,,,0.0
,,,,,,,,,,,,,,,,,,,,,,,,,,,,,,,,,,,,,,,,,,,,,,0.0
,,,,,,,,,,,,,,,,,,,,,,,,,,,,,,,,,,,,,,,,,,,,,,0.0
,,,,,,,,,,,,,,,,,,,,,,,,,,,,,,,,,,,,,,,,,,,,,,0.0
,,,,,,,,,,,,,,,,,,,,,,,,,,,,,,,,,,,,,,,,,,,,,,0.0
,,,,,,,,,,,,,,,,,,,,,,,,,,,,,,,,,,,,,,,,,,,,,,0.0
,,,,,,,,,,,,,,,,,,,,,,,,,,,,,,,,,,,,,,,,,,,,,,0.0
,,,,,,,,,,,,,,,,,,,,,,,,,,,,,,,,,,,,,,,,,,,,,,0.0
,,,,,,,,,,,,,,,,,,,,,,,,,,,,,,,,,,,,,,,,,,,,,,0.0
,,,,,,,,,,,,,,,,,,,,,,,,,,,,,,,,,,,,,,,,,,,,,,0.0
,,,,,,,,,,,,,,,,,,,,,,,,,,,,,,,,,,,,,,,,,,,,,,0.0
,,,,,,,,,,,,,,,,,,,,,,,,,,,,,,,,,,,,,,,,,,,,,,0.0
,,,,,,,,,,,,,,,,,,,,,,,,,,,,,,,,,,,,,,,,,,,,,,0.0
,,,,,,,,,,,,,,,,,,,,,,,,,,,,,,,,,,,,,,,,,,,,,,0.0
,,,,,,,,,,,,,,,,,,,,,,,,,,,,,,,,,,,,,,,,,,,,,,0.0
,,,,,,,,,,,,,,,,,,,,,,,,,,,,,,,,,,,,,,,,,,,,,,0.0
,,,,,,,,,,,,,,,,,,,,,,,,,,,,,,,,,,,,,,,,,,,,,,0.0
,,,,,,,,,,,,,,,,,,,,,,,,,,,,,,,,,,,,,,,,,,,,,,0.0
,,,,,,,,,,,,,,,,,,,,,,,,,,,,,,,,,,,,,,,,,,,,,,0.0
,,,,,,,,,,,,,,,,,,,,,,,,,,,,,,,,,,,,,,,,,,,,,,0.0
,,,,,,,,,,,,,,,,,,,,,,,,,,,,,,,,,,,,,,,,,,,,,,0.0
,,,,,,,,,,,,,,,,,,,,,,,,,,,,,,,,,,,,,,,,,,,,,,0.0
,,,,,,,,,,,,,,,,,,,,,,,,,,,,,,,,,,,,,,,,,,,,,,0.0
,,,,,,,,,,,,,,,,,,,,,,,,,,,,,,,,,,,,,,,,,,,,,,0.0
,,,,,,,,,,,,,,,,,,,,,,,,,,,,,,,,,,,,,,,,,,,,,,0.0
,,,,,,,,,,,,,,,,,,,,,,,,,,,,,,,,,,,,,,,,,,,,,,0.0
,,,,,,,,,,,,,,,,,,,,,,,,,,,,,,,,,,,,,,,,,,,,,,0.0
,,,,,,,,,,,,,,,,,,,,,,,,,,,,,,,,,,,,,,,,,,,,,,0.0
,,,,,,,,,,,,,,,,,,,,,,,,,,,,,,,,,,,,,,,,,,,,,,0.0
,,,,,,,,,,,,,,,,,,,,,,,,,,,,,,,,,,,,,,,,,,,,,,0.0
,,,,,,,,,,,,,,,,,,,,,,,,,,,,,,,,,,,,,,,,,,,,,,0.0
,,,,,,,,,,,,,,,,,,,,,,,,,,,,,,,,,,,,,,,,,,,,,,0.0
,,,,,,,,,,,,,,,,,,,,,,,,,,,,,,,,,,,,,,,,,,,,,,0.0
,,,,,,,,,,,,,,,,,,,,,,,,,,,,,,,,,,,,,,,,,,,,,,0.0
,,,,,,,,,,,,,,,,,,,,,,,,,,,,,,,,,,,,,,,,,,,,,,0.0
,,,,,,,,,,,,,,,,,,,,,,,,,,,,,,,,,,,,,,,,,,,,,,0.0
,,,,,,,,,,,,,,,,,,,,,,,,,,,,,,,,,,,,,,,,,,,,,,0.0
,,,,,,,,,,,,,,,,,,,,,,,,,,,,,,,,,,,,,,,,,,,,,,0.0
,,,,,,,,,,,,,,,,,,,,,,,,,,,,,,,,,,,,,,,,,,,,,,0.0
,,,,,,,,,,,,,,,,,,,,,,,,,,,,,,,,,,,,,,,,,,,,,,0.0
,,,,,,,,,,,,,,,,,,,,,,,,,,,,,,,,,,,,,,,,,,,,,,0.0
,,,,,,,,,,,,,,,,,,,,,,,,,,,,,,,,,,,,,,,,,,,,,,0.0
,,,,,,,,,,,,,,,,,,,,,,,,,,,,,,,,,,,,,,,,,,,,,,0.0
,,,,,,,,,,,,,,,,,,,,,,,,,,,,,,,,,,,,,,,,,,,,,,0.0
,,,,,,,,,,,,,,,,,,,,,,,,,,,,,,,,,,,,,,,,,,,,,,0.0
,,,,,,,,,,,,,,,,,,,,,,,,,,,,,,,,,,,,,,,,,,,,,,0.0
,,,,,,,,,,,,,,,,,,,,,,,,,,,,,,,,,,,,,,,,,,,,,,0.0
,,,,,,,,,,,,,,,,,,,,,,,,,,,,,,,,,,,,,,,,,,,,,,0.0
,,,,,,,,,,,,,,,,,,,,,,,,,,,,,,,,,,,,,,,,,,,,,,0.0
,,,,,,,,,,,,,,,,,,,,,,,,,,,,,,,,,,,,,,,,,,,,,,0.0
,,,,,,,,,,,,,,,,,,,,,,,,,,,,,,,,,,,,,,,,,,,,,,0.0
,,,,,,,,,,,,,,,,,,,,,,,,,,,,,,,,,,,,,,,,,,,,,,0.0
,,,,,,,,,,,,,,,,,,,,,,,,,,,,,,,,,,,,,,,,,,,,,,0.0
,,,,,,,,,,,,,,,,,,,,,,,,,,,,,,,,,,,,,,,,,,,,,,0.0
,,,,,,,,,,,,,,,,,,,,,,,,,,,,,,,,,,,,,,,,,,,,,,0.0
,,,,,,,,,,,,,,,,,,,,,,,,,,,,,,,,,,,,,,,,,,,,,,0.0
,,,,,,,,,,,,,,,,,,,,,,,,,,,,,,,,,,,,,,,,,,,,,,0.0
,,,,,,,,,,,,,,,,,,,,,,,,,,,,,,,,,,,,,,,,,,,,,,0.0
,,,,,,,,,,,,,,,,,,,,,,,,,,,,,,,,,,,,,,,,,,,,,,0.0
,,,,,,,,,,,,,,,,,,,,,,,,,,,,,,,,,,,,,,,,,,,,,,0.0
,,,,,,,,,,,,,,,,,,,,,,,,,,,,,,,,,,,,,,,,,,,,,,0.0
,,,,,,,,,,,,,,,,,,,,,,,,,,,,,,,,,,,,,,,,,,,,,,0.0
,,,,,,,,,,,,,,,,,,,,,,,,,,,,,,,,,,,,,,,,,,,,,,0.0
,,,,,,,,,,,,,,,,,,,,,,,,,,,,,,,,,,,,,,,,,,,,,,0.0
,,,,,,,,,,,,,,,,,,,,,,,,,,,,,,,,,,,,,,,,,,,,,,0.0
,,,,,,,,,,,,,,,,,,,,,,,,,,,,,,,,,,,,,,,,,,,,,,0.0
,,,,,,,,,,,,,,,,,,,,,,,,,,,,,,,,,,,,,,,,,,,,,,0.0
,,,,,,,,,,,,,,,,,,,,,,,,,,,,,,,,,,,,,,,,,,,,,,0.0
,,,,,,,,,,,,,,,,,,,,,,,,,,,,,,,,,,,,,,,,,,,,,,0.0
,,,,,,,,,,,,,,,,,,,,,,,,,,,,,,,,,,,,,,,,,,,,,,0.0
,,,,,,,,,,,,,,,,,,,,,,,,,,,,,,,,,,,,,,,,,,,,,,0.0
,,,,,,,,,,,,,,,,,,,,,,,,,,,,,,,,,,,,,,,,,,,,,,0.0
,,,,,,,,,,,,,,,,,,,,,,,,,,,,,,,,,,,,,,,,,,,,,,0.0
,,,,,,,,,,,,,,,,,,,,,,,,,,,,,,,,,,,,,,,,,,,,,,0.0
,,,,,,,,,,,,,,,,,,,,,,,,,,,,,,,,,,,,,,,,,,,,,,0.0
,,,,,,,,,,,,,,,,,,,,,,,,,,,,,,,,,,,,,,,,,,,,,,0.0
,,,,,,,,,,,,,,,,,,,,,,,,,,,,,,,,,,,,,,,,,,,,,,0.0
,,,,,,,,,,,,,,,,,,,,,,,,,,,,,,,,,,,,,,,,,,,,,,0.0
,,,,,,,,,,,,,,,,,,,,,,,,,,,,,,,,,,,,,,,,,,,,,,0.0
,,,,,,,,,,,,,,,,,,,,,,,,,,,,,,,,,,,,,,,,,,,,,,0.0
,,,,,,,,,,,,,,,,,,,,,,,,,,,,,,,,,,,,,,,,,,,,,,0.0
,,,,,,,,,,,,,,,,,,,,,,,,,,,,,,,,,,,,,,,,,,,,,,0.0
,,,,,,,,,,,,,,,,,,,,,,,,,,,,,,,,,,,,,,,,,,,,,,0.0
,,,,,,,,,,,,,,,,,,,,,,,,,,,,,,,,,,,,,,,,,,,,,,0.0
,,,,,,,,,,,,,,,,,,,,,,,,,,,,,,,,,,,,,,,,,,,,,,0.0
,,,,,,,,,,,,,,,,,,,,,,,,,,,,,,,,,,,,,,,,,,,,,,0.0
,,,,,,,,,,,,,,,,,,,,,,,,,,,,,,,,,,,,,,,,,,,,,,0.0
,,,,,,,,,,,,,,,,,,,,,,,,,,,,,,,,,,,,,,,,,,,,,,0.0
,,,,,,,,,,,,,,,,,,,,,,,,,,,,,,,,,,,,,,,,,,,,,,0.0
,,,,,,,,,,,,,,,,,,,,,,,,,,,,,,,,,,,,,,,,,,,,,,0.0
,,,,,,,,,,,,,,,,,,,,,,,,,,,,,,,,,,,,,,,,,,,,,,0.0
,,,,,,,,,,,,,,,,,,,,,,,,,,,,,,,,,,,,,,,,,,,,,,0.0
,,,,,,,,,,,,,,,,,,,,,,,,,,,,,,,,,,,,,,,,,,,,,,0.0
,,,,,,,,,,,,,,,,,,,,,,,,,,,,,,,,,,,,,,,,,,,,,,0.0
,,,,,,,,,,,,,,,,,,,,,,,,,,,,,,,,,,,,,,,,,,,,,,0.0
,,,,,,,,,,,,,,,,,,,,,,,,,,,,,,,,,,,,,,,,,,,,,,0.0
,,,,,,,,,,,,,,,,,,,,,,,,,,,,,,,,,,,,,,,,,,,,,,0.0
,,,,,,,,,,,,,,,,,,,,,,,,,,,,,,,,,,,,,,,,,,,,,,0.0
,,,,,,,,,,,,,,,,,,,,,,,,,,,,,,,,,,,,,,,,,,,,,,0.0
,,,,,,,,,,,,,,,,,,,,,,,,,,,,,,,,,,,,,,,,,,,,,,0.0
,,,,,,,,,,,,,,,,,,,,,,,,,,,,,,,,,,,,,,,,,,,,,,0.0
,,,,,,,,,,,,,,,,,,,,,,,,,,,,,,,,,,,,,,,,,,,,,,0.0
,,,,,,,,,,,,,,,,,,,,,,,,,,,,,,,,,,,,,,,,,,,,,,0.0
,,,,,,,,,,,,,,,,,,,,,,,,,,,,,,,,,,,,,,,,,,,,,,0.0
,,,,,,,,,,,,,,,,,,,,,,,,,,,,,,,,,,,,,,,,,,,,,,0.0
,,,,,,,,,,,,,,,,,,,,,,,,,,,,,,,,,,,,,,,,,,,,,,0.0
,,,,,,,,,,,,,,,,,,,,,,,,,,,,,,,,,,,,,,,,,,,,,,0.0
,,,,,,,,,,,,,,,,,,,,,,,,,,,,,,,,,,,,,,,,,,,,,,0.0
,,,,,,,,,,,,,,,,,,,,,,,,,,,,,,,,,,,,,,,,,,,,,,0.0
,,,,,,,,,,,,,,,,,,,,,,,,,,,,,,,,,,,,,,,,,,,,,,0.0
,,,,,,,,,,,,,,,,,,,,,,,,,,,,,,,,,,,,,,,,,,,,,,0.0
,,,,,,,,,,,,,,,,,,,,,,,,,,,,,,,,,,,,,,,,,,,,,,0.0
,,,,,,,,,,,,,,,,,,,,,,,,,,,,,,,,,,,,,,,,,,,,,,0.0
,,,,,,,,,,,,,,,,,,,,,,,,,,,,,,,,,,,,,,,,,,,,,,0.0
,,,,,,,,,,,,,,,,,,,,,,,,,,,,,,,,,,,,,,,,,,,,,,0.0
,,,,,,,,,,,,,,,,,,,,,,,,,,,,,,,,,,,,,,,,,,,,,,0.0
,,,,,,,,,,,,,,,,,,,,,,,,,,,,,,,,,,,,,,,,,,,,,,0.0
,,,,,,,,,,,,,,,,,,,,,,,,,,,,,,,,,,,,,,,,,,,,,,0.0
,,,,,,,,,,,,,,,,,,,,,,,,,,,,,,,,,,,,,,,,,,,,,,0.0
,,,,,,,,,,,,,,,,,,,,,,,,,,,,,,,,,,,,,,,,,,,,,,0.0
,,,,,,,,,,,,,,,,,,,,,,,,,,,,,,,,,,,,,,,,,,,,,,0.0
,,,,,,,,,,,,,,,,,,,,,,,,,,,,,,,,,,,,,,,,,,,,,,0.0
,,,,,,,,,,,,,,,,,,,,,,,,,,,,,,,,,,,,,,,,,,,,,,0.0
,,,,,,,,,,,,,,,,,,,,,,,,,,,,,,,,,,,,,,,,,,,,,,0.0
,,,,,,,,,,,,,,,,,,,,,,,,,,,,,,,,,,,,,,,,,,,,,,0.0
,,,,,,,,,,,,,,,,,,,,,,,,,,,,,,,,,,,,,,,,,,,,,,0.0
,,,,,,,,,,,,,,,,,,,,,,,,,,,,,,,,,,,,,,,,,,,,,,0.0
,,,,,,,,,,,,,,,,,,,,,,,,,,,,,,,,,,,,,,,,,,,,,,0.0
,,,,,,,,,,,,,,,,,,,,,,,,,,,,,,,,,,,,,,,,,,,,,,0.0
,,,,,,,,,,,,,,,,,,,,,,,,,,,,,,,,,,,,,,,,,,,,,,0.0
,,,,,,,,,,,,,,,,,,,,,,,,,,,,,,,,,,,,,,,,,,,,,,0.0
,,,,,,,,,,,,,,,,,,,,,,,,,,,,,,,,,,,,,,,,,,,,,,0.0
,,,,,,,,,,,,,,,,,,,,,,,,,,,,,,,,,,,,,,,,,,,,,,0.0
,,,,,,,,,,,,,,,,,,,,,,,,,,,,,,,,,,,,,,,,,,,,,,0.0
,,,,,,,,,,,,,,,,,,,,,,,,,,,,,,,,,,,,,,,,,,,,,,0.0
,,,,,,,,,,,,,,,,,,,,,,,,,,,,,,,,,,,,,,,,,,,,,,0.0
,,,,,,,,,,,,,,,,,,,,,,,,,,,,,,,,,,,,,,,,,,,,,,0.0
,,,,,,,,,,,,,,,,,,,,,,,,,,,,,,,,,,,,,,,,,,,,,,0.0
,,,,,,,,,,,,,,,,,,,,,,,,,,,,,,,,,,,,,,,,,,,,,,0.0
,,,,,,,,,,,,,,,,,,,,,,,,,,,,,,,,,,,,,,,,,,,,,,0.0
,,,,,,,,,,,,,,,,,,,,,,,,,,,,,,,,,,,,,,,,,,,,,,0.0
,,,,,,,,,,,,,,,,,,,,,,,,,,,,,,,,,,,,,,,,,,,,,,0.0
,,,,,,,,,,,,,,,,,,,,,,,,,,,,,,,,,,,,,,,,,,,,,,0.0
,,,,,,,,,,,,,,,,,,,,,,,,,,,,,,,,,,,,,,,,,,,,,,0.0
,,,,,,,,,,,,,,,,,,,,,,,,,,,,,,,,,,,,,,,,,,,,,,0.0
,,,,,,,,,,,,,,,,,,,,,,,,,,,,,,,,,,,,,,,,,,,,,,0.0
,,,,,,,,,,,,,,,,,,,,,,,,,,,,,,,,,,,,,,,,,,,,,,0.0
,,,,,,,,,,,,,,,,,,,,,,,,,,,,,,,,,,,,,,,,,,,,,,0.0
,,,,,,,,,,,,,,,,,,,,,,,,,,,,,,,,,,,,,,,,,,,,,,0.0
,,,,,,,,,,,,,,,,,,,,,,,,,,,,,,,,,,,,,,,,,,,,,,0.0
,,,,,,,,,,,,,,,,,,,,,,,,,,,,,,,,,,,,,,,,,,,,,,0.0
,,,,,,,,,,,,,,,,,,,,,,,,,,,,,,,,,,,,,,,,,,,,,,0.0
,,,,,,,,,,,,,,,,,,,,,,,,,,,,,,,,,,,,,,,,,,,,,,0.0
,,,,,,,,,,,,,,,,,,,,,,,,,,,,,,,,,,,,,,,,,,,,,,0.0
,,,,,,,,,,,,,,,,,,,,,,,,,,,,,,,,,,,,,,,,,,,,,,0.0
,,,,,,,,,,,,,,,,,,,,,,,,,,,,,,,,,,,,,,,,,,,,,,0.0
,,,,,,,,,,,,,,,,,,,,,,,,,,,,,,,,,,,,,,,,,,,,,,0.0
,,,,,,,,,,,,,,,,,,,,,,,,,,,,,,,,,,,,,,,,,,,,,,0.0
,,,,,,,,,,,,,,,,,,,,,,,,,,,,,,,,,,,,,,,,,,,,,,0.0
,,,,,,,,,,,,,,,,,,,,,,,,,,,,,,,,,,,,,,,,,,,,,,0.0
,,,,,,,,,,,,,,,,,,,,,,,,,,,,,,,,,,,,,,,,,,,,,,0.0
,,,,,,,,,,,,,,,,,,,,,,,,,,,,,,,,,,,,,,,,,,,,,,0.0
,,,,,,,,,,,,,,,,,,,,,,,,,,,,,,,,,,,,,,,,,,,,,,0.0
,,,,,,,,,,,,,,,,,,,,,,,,,,,,,,,,,,,,,,,,,,,,,,0.0
,,,,,,,,,,,,,,,,,,,,,,,,,,,,,,,,,,,,,,,,,,,,,,0.0
,,,,,,,,,,,,,,,,,,,,,,,,,,,,,,,,,,,,,,,,,,,,,,0.0
,,,,,,,,,,,,,,,,,,,,,,,,,,,,,,,,,,,,,,,,,,,,,,0.0
,,,,,,,,,,,,,,,,,,,,,,,,,,,,,,,,,,,,,,,,,,,,,,0.0
,,,,,,,,,,,,,,,,,,,,,,,,,,,,,,,,,,,,,,,,,,,,,,0.0
,,,,,,,,,,,,,,,,,,,,,,,,,,,,,,,,,,,,,,,,,,,,,,0.0
,,,,,,,,,,,,,,,,,,,,,,,,,,,,,,,,,,,,,,,,,,,,,,0.0
,,,,,,,,,,,,,,,,,,,,,,,,,,,,,,,,,,,,,,,,,,,,,,0.0
,,,,,,,,,,,,,,,,,,,,,,,,,,,,,,,,,,,,,,,,,,,,,,0.0
,,,,,,,,,,,,,,,,,,,,,,,,,,,,,,,,,,,,,,,,,,,,,,0.0
,,,,,,,,,,,,,,,,,,,,,,,,,,,,,,,,,,,,,,,,,,,,,,0.0
,,,,,,,,,,,,,,,,,,,,,,,,,,,,,,,,,,,,,,,,,,,,,,0.0
,,,,,,,,,,,,,,,,,,,,,,,,,,,,,,,,,,,,,,,,,,,,,,0.0
,,,,,,,,,,,,,,,,,,,,,,,,,,,,,,,,,,,,,,,,,,,,,,0.0
,,,,,,,,,,,,,,,,,,,,,,,,,,,,,,,,,,,,,,,,,,,,,,0.0
,,,,,,,,,,,,,,,,,,,,,,,,,,,,,,,,,,,,,,,,,,,,,,0.0
,,,,,,,,,,,,,,,,,,,,,,,,,,,,,,,,,,,,,,,,,,,,,,0.0
,,,,,,,,,,,,,,,,,,,,,,,,,,,,,,,,,,,,,,,,,,,,,,0.0
,,,,,,,,,,,,,,,,,,,,,,,,,,,,,,,,,,,,,,,,,,,,,,0.0
,,,,,,,,,,,,,,,,,,,,,,,,,,,,,,,,,,,,,,,,,,,,,,0.0
,,,,,,,,,,,,,,,,,,,,,,,,,,,,,,,,,,,,,,,,,,,,,,0.0
,,,,,,,,,,,,,,,,,,,,,,,,,,,,,,,,,,,,,,,,,,,,,,0.0
,,,,,,,,,,,,,,,,,,,,,,,,,,,,,,,,,,,,,,,,,,,,,,0.0
,,,,,,,,,,,,,,,,,,,,,,,,,,,,,,,,,,,,,,,,,,,,,,0.0
,,,,,,,,,,,,,,,,,,,,,,,,,,,,,,,,,,,,,,,,,,,,,,0.0
,,,,,,,,,,,,,,,,,,,,,,,,,,,,,,,,,,,,,,,,,,,,,,0.0
,,,,,,,,,,,,,,,,,,,,,,,,,,,,,,,,,,,,,,,,,,,,,,0.0
,,,,,,,,,,,,,,,,,,,,,,,,,,,,,,,,,,,,,,,,,,,,,,0.0
,,,,,,,,,,,,,,,,,,,,,,,,,,,,,,,,,,,,,,,,,,,,,,0.0
,,,,,,,,,,,,,,,,,,,,,,,,,,,,,,,,,,,,,,,,,,,,,,0.0
,,,,,,,,,,,,,,,,,,,,,,,,,,,,,,,,,,,,,,,,,,,,,,0.0
,,,,,,,,,,,,,,,,,,,,,,,,,,,,,,,,,,,,,,,,,,,,,,0.0
,,,,,,,,,,,,,,,,,,,,,,,,,,,,,,,,,,,,,,,,,,,,,,0.0
,,,,,,,,,,,,,,,,,,,,,,,,,,,,,,,,,,,,,,,,,,,,,,0.0
,,,,,,,,,,,,,,,,,,,,,,,,,,,,,,,,,,,,,,,,,,,,,,0.0
