WT74_On,Edited74_On,RT-PBS_right4,AfterRTT_left4,PBSlen,RTlen,RT-PBSlen,Edit_pos,Edit_len,RHA_len,type_sub,type_ins,type_del,Tm1,Tm2,Tm2new,Tm3,Tm4,TmD,nGCcnt1,nGCcnt2,nGCcnt3,fGCcont1,fGCcont2,fGCcont3,MFE1,MFE2,MFE3,MFE4,MFE5,DeepSpCas9_score,Measured_PE_efficiency,Fold,Predicted_PE_efficiency
GCCTGAGTCCGAGCAGAAGAAGAAGGGCTCCCATCACATCAACCGGTGGCGCATTGCCACGAAGCAGGCCAATG,xxxxxxxTCCGAGCAGAAGAAGAAGGACTCCCATCACxxxxxxxxxxxxxxxxxxxxxxxxxxxxxxxxxxxxx,TCAC,ATCA,14,16,30,6,1,10,1,0,0,41.38448253,47.59906962,47.59906962,-277.9394433,47.33626217,-325.538513,7,9,16,50.0,56.25,53.33333333,-57.2,-28.5,-4.5,0.0,-17.4,69.54062653,14.13529819,Test,7.6140585
GCCTGAGTCCGAGCAGAAGAAGAAGGGCTCCCATCACATCAACCGGTGGCGCATTGCCACGAAGCAGGCCAATG,xxxxxxxTCCGAGCAGAAGAAGAAGAGCTCCCATCACxxxxxxxxxxxxxxxxxxxxxxxxxxxxxxxxxxxxx,TCAC,ATCA,14,16,30,5,1,11,1,0,0,41.38448253,47.59906962,47.59906962,-277.9394433,46.12984003,-325.538513,7,9,16,50.0,56.25,53.33333333,-57.6,-29.5,-4.9,0.0,-17.4,69.54062653,15.45684705,Test,9.054467
GCCTGAGTCCGAGCAGAAGAAGAAGGGCTCCCATCACATCAACCGGTGGCGCATTGCCACGAAGCAGGCCAATG,xxxxxxxTCCGAGCAGAAGAAGAAAGGCTCCCATCACxxxxxxxxxxxxxxxxxxxxxxxxxxxxxxxxxxxxx,TCAC,ATCA,14,16,30,4,1,12,1,0,0,41.38448253,47.59906962,47.59906962,-277.9394433,47.77480252,-325.538513,7,9,16,50.0,56.25,53.33333333,-60.4,-31.0,-3.6,0.0,-17.4,69.54062653,0.473932558,Test,4.1569977
TCATGGAATCCCTTCTGCAGCACCTGGATCGCTTTTCCGAGCTTCTGGCGGTCTCAAGCACTACCTACGTCAGC,xxxxxxxATCCCTTCTGCAGCACCTGGATCACTTTTCCxxxxxxxxxxxxxxxxxxxxxxxxxxxxxxxxxxxx,TTCC,GAGC,14,17,31,10,1,7,1,0,0,39.82936332,48.23650845,48.23650845,-277.9394433,40.56855574,-326.1759518,8,8,16,57.14285714,47.05882353,51.61290323,-56.2,-24.5,-3.8,-0.4,-21.0,60.38428879,9.876142721,Test,12.095285
TCATGGAATCCCTTCTGCAGCACCTGGATCGCTTTTCCGAGCTTCTGGCGGTCTCAAGCACTACCTACGTCAGC,xxxxxxxATCCCTTCTGCAGCACCTGAATCGCTTTTCCxxxxxxxxxxxxxxxxxxxxxxxxxxxxxxxxxxxx,TTCC,GAGC,14,17,31,6,1,11,1,0,0,39.82936332,48.23650845,48.23650845,-277.9394433,39.3652786,-326.1759518,8,8,16,57.14285714,47.05882353,51.61290323,-58.0,-30.0,-2.2,-0.4,-21.0,60.38428879,24.47679883,Test,19.915283
TCATGGAATCCCTTCTGCAGCACCTGGATCGCTTTTCCGAGCTTCTGGCGGTCTCAAGCACTACCTACGTCAGC,xxxxxxxATCCCTTCTGCAGCACCTAGATCGCTTTTCCxxxxxxxxxxxxxxxxxxxxxxxxxxxxxxxxxxxx,TTCC,GAGC,14,17,31,5,1,12,1,0,0,39.82936332,48.23650845,48.23650845,-277.9394433,38.98421565,-326.1759518,8,8,16,57.14285714,47.05882353,51.61290323,-58.0,-26.3,-1.9,-0.4,-21.0,60.38428879,24.15668692,Test,17.776136
TTGGGGCCCAGACTGAGCACGTGATGGCAGAGGAAAGGAAGCCCTGCTTCCTCCAGAGGGCGTCGCAGGACAGC,xxxxxxxxCAGACTGAGCACGTGATGACAGAxxxxxxxxxxxxxxxxxxxxxxxxxxxxxxxxxxxxxxxxxxx,CAGA,GGAA,13,10,23,6,1,4,1,0,0,39.12513729,23.78277547,23.78277547,-437.6795329,17.30774858,-461.4623084,8,4,12,61.53846154,40.0,52.17391304,-48.8,-25.2,-1.0,-0.7,-22.4,63.26486588,41.09753048,Test,19.719515
TTGGGGCCCAGACTGAGCACGTGATGGCAGAGGAAAGGAAGCCCTGCTTCCTCCAGAGGGCGTCGCAGGACAGC,xxxxxxxxCAGACTGAGCACGTGATAGCAGAxxxxxxxxxxxxxxxxxxxxxxxxxxxxxxxxxxxxxxxxxxx,CAGA,GGAA,13,10,23,5,1,5,1,0,0,39.12513729,23.78277547,23.78277547,-437.6795329,18.59176513,-461.4623084,8,4,12,61.53846154,40.0,52.17391304,-48.2,-25.2,-1.2,-0.7,-22.4,63.26486588,36.88960602,Test,19.195145
TTGGGGCCCAGACTGAGCACGTGATGGCAGAGGAAAGGAAGCCCTGCTTCCTCCAGAGGGCGTCGCAGGACAGC,xxxxxxxxCAGACTGAGCACGTAATGGCAGAxxxxxxxxxxxxxxxxxxxxxxxxxxxxxxxxxxxxxxxxxxx,CAGA,GGAA,13,10,23,2,1,8,1,0,0,39.12513729,23.78277547,23.78277547,-437.6795329,22.82614455,-461.4623084,8,4,12,61.53846154,40.0,52.17391304,-47.3,-25.1,-0.2,-0.7,-22.4,63.26486588,12.75875966,Test,11.374136
GCCTGAGTCCGAGCAGAAGAAGAAGGGCTCCCATCACATCAACCGGTGGCGCATTGCCACGAAGCAGGCCAATG,xxxxxxxTCCGAGCAGAAGAAGAAAAACTCCCATCACxxxxxxxxxxxxxxxxxxxxxxxxxxxxxxxxxxxxx,TCAC,ATCA,14,16,30,4,3,10,1,0,0,41.38448253,47.59906962,47.59906962,-277.9394433,39.30362772,-325.538513,7,7,14,50.0,43.75,46.66666667,-55.2,-26.0,-4.5,0.0,-17.4,69.54062653,2.321376526,Test,0.5909766
GCCTGAGTCCGAGCAGAAGAAGAAGGGCTCCCATCACATCAACCGGTGGCGCATTGCCACGAAGCAGGCCAATG,xxxxxxxTCCGAGCAGAAGAAGAAGAACTCCCATCACxxxxxxxxxxxxxxxxxxxxxxxxxxxxxxxxxxxxx,TCAC,ATCA,14,16,30,5,2,10,1,0,0,41.38448253,47.59906962,47.59906962,-277.9394433,42.39771382,-325.538513,7,8,15,50.0,50.0,50.0,-55.1,-27.0,-4.5,0.0,-17.4,69.54062653,0.0,Test,8.910026
GCCTGAGTCCGAGCAGAAGAAGAAGGGCTCCCATCACATCAACCGGTGGCGCATTGCCACGAAGCAGGCCAATG,xxxxxxxTCCGAGCAGAAGAAGAAAGACTCCCATCACxxxxxxxxxxxxxxxxxxxxxxxxxxxxxxxxxxxxx,TCAC,ATCA,14,16,30,4,2,11,1,0,0,41.38448253,47.59906962,47.59906962,-277.9394433,42.39771382,-325.538513,7,8,15,50.0,50.0,50.0,-57.7,-28.3,-4.5,0.0,-17.4,69.54062653,7.367028987,Test,6.578832
GCCTGAGTCCGAGCAGAAGAAGAAGGGCTCCCATCACATCAACCGGTGGCGCATTGCCACGAAGCAGGCCAATG,xxxxxxxTCCGAGCAGAAGAAGAAAAGCTCCCATCACxxxxxxxxxxxxxxxxxxxxxxxxxxxxxxxxxxxxx,TCAC,ATCA,14,16,30,4,2,11,1,0,0,41.38448253,47.59906962,47.59906962,-277.9394433,43.02095068,-325.538513,7,8,15,50.0,50.0,50.0,-57.7,-28.3,-4.9,0.0,-17.4,69.54062653,4.402311848,Test,2.0098302
TTGGGGCCCAGACTGAGCACGTGATGGCAGAGGAAAGGAAGCCCTGCTTCCTCCAGAGGGCGTCGCAGGACAGC,xxxxxxxxCAGACTGAGCACGTGACGGCAGAxxxxxxxxxxxxxxxxxxxxxxxxxxxxxxxxxxxxxxxxxxx,CAGA,GGAA,13,10,23,4,1,6,1,0,0,39.12513729,23.78277547,23.78277547,-437.6795329,32.8712858,-461.4623084,8,6,14,61.53846154,60.0,60.86956522,-49.4,-25.2,-1.1,-0.7,-22.4,63.26486588,0.088933897,Test,12.712222
TTGGGGCCCAGACTGAGCACGTGATGGCAGAGGAAAGGAAGCCCTGCTTCCTCCAGAGGGCGTCGCAGGACAGC,xxxxxxxxCAGACTGAGCACGCGATGGCAGAxxxxxxxxxxxxxxxxxxxxxxxxxxxxxxxxxxxxxxxxxxx,CAGA,GGAA,13,10,23,1,1,9,1,0,0,39.12513729,23.78277547,23.78277547,-437.6795329,28.68972583,-461.4623084,8,6,14,61.53846154,60.0,60.86956522,-49.1,-25.5,-0.6,-0.7,-22.4,63.26486588,0.029595612,Test,16.303053
